"","location","Observation","Predicted","RMSE","Pearson","Factor2_Percentage","NumTrees","Mtry","SplitRule","MinNodeSize"
"1","Anacostia River",50,20.2360132657483,0.227462118553172,0.95659806884585,85.7142857142857,1000,6,"variance",5
"2","Anacostia River",10,14.8672517498605,0.227462118553172,0.95659806884585,85.7142857142857,1000,6,"variance",5
"3","Anacostia River",110,155.653758580309,0.227462118553172,0.95659806884585,85.7142857142857,1000,6,"variance",5
"4","Anacostia River",4630,3865.9496229392,0.227462118553172,0.95659806884585,85.7142857142857,1000,6,"variance",5
"5","Anacostia River",5210,2906.79494220036,0.227462118553172,0.95659806884585,85.7142857142857,1000,6,"variance",5
"6","Anacostia River",1980,2913.27198112456,0.227462118553172,0.95659806884585,85.7142857142857,1000,6,"variance",5
"7","Anacostia River",1710,2976.13874470197,0.227462118553172,0.95659806884585,85.7142857142857,1000,6,"variance",5
"8","Anacostia River",180,226.641038284058,0.227462118553172,0.95659806884585,85.7142857142857,1000,6,"variance",5
"9","Anacostia River",100,184.764215514683,0.227462118553172,0.95659806884585,85.7142857142857,1000,6,"variance",5
"10","Anacostia River",790,635.631824756526,0.227462118553172,0.95659806884585,85.7142857142857,1000,6,"variance",5
"11","Anacostia River",350,553.893710358221,0.227462118553172,0.95659806884585,85.7142857142857,1000,6,"variance",5
"12","Anacostia River",150,402.231462553491,0.227462118553172,0.95659806884585,85.7142857142857,1000,6,"variance",5
"13","Anacostia River",1150,758.453583676756,0.227462118553172,0.95659806884585,85.7142857142857,1000,6,"variance",5
"14","Anacostia River",380,505.093100803048,0.227462118553172,0.95659806884585,85.7142857142857,1000,6,"variance",5
"15","Bannister Fed Complex",1350,4081.21858329451,0.548345068124149,0.901026463177785,50,3000,4,"variance",5
"16","Bannister Fed Complex",422,4409.95879362374,0.548345068124149,0.901026463177785,50,3000,4,"variance",5
"17","Bannister Fed Complex",2999.7,3667.17782059363,0.548345068124149,0.901026463177785,50,3000,4,"variance",5
"18","Bannister Fed Complex",2401,7980.16727178681,0.548345068124149,0.901026463177785,50,3000,4,"variance",5
"19","Bannister Fed Complex",19441,27330.1712522835,0.548345068124149,0.901026463177785,50,3000,4,"variance",5
"20","Bannister Fed Complex",94934,29412.2390112124,0.548345068124149,0.901026463177785,50,3000,4,"variance",5
"21","Bannister Fed Complex",20375.9,17722.1585919999,0.548345068124149,0.901026463177785,50,3000,4,"variance",5
"22","Bannister Fed Complex",31089,26075.5559740954,0.548345068124149,0.901026463177785,50,3000,4,"variance",5
"23","Bannister Fed Complex",173,472.569304770561,0.548345068124149,0.901026463177785,50,3000,4,"variance",5
"24","Bannister Fed Complex",83,1099.34102573152,0.548345068124149,0.901026463177785,50,3000,4,"variance",5
"25","Bannister Fed Complex",212,196.85576733504,0.548345068124149,0.901026463177785,50,3000,4,"variance",5
"26","Bannister Fed Complex",90,1072.30303731468,0.548345068124149,0.901026463177785,50,3000,4,"variance",5
"27","Bannister Fed Complex",17298,14618.2253747223,0.548345068124149,0.901026463177785,50,3000,4,"variance",5
"28","Bannister Fed Complex",15312,10765.7198950252,0.548345068124149,0.901026463177785,50,3000,4,"variance",5
"29","Bannister Fed Complex",11295,16462.9342139932,0.548345068124149,0.901026463177785,50,3000,4,"variance",5
"30","Bannister Fed Complex",93333,15233.6219860087,0.548345068124149,0.901026463177785,50,3000,4,"variance",5
"31","Bannister Fed Complex",40859,137163.010666084,0.548345068124149,0.901026463177785,50,3000,4,"variance",5
"32","Bannister Fed Complex",201416,155774.126014663,0.548345068124149,0.901026463177785,50,3000,4,"variance",5
"33","Chesapeake Bay",6622.847967,4131.40588497704,0.252045659620853,0.863745185221394,72.2222222222222,5000,5,"variance",5
"34","Chesapeake Bay",3133.729374,1949.05607942862,0.252045659620853,0.863745185221394,72.2222222222222,5000,5,"variance",5
"35","Chesapeake Bay",1539.322624,1675.70903427739,0.252045659620853,0.863745185221394,72.2222222222222,5000,5,"variance",5
"36","Chesapeake Bay",1753.37617,6246.29557634519,0.252045659620853,0.863745185221394,72.2222222222222,5000,5,"variance",5
"37","Chesapeake Bay",2447,1592.38122617954,0.252045659620853,0.863745185221394,72.2222222222222,5000,5,"variance",5
"38","Chesapeake Bay",2299.9,1992.63996924051,0.252045659620853,0.863745185221394,72.2222222222222,5000,5,"variance",5
"39","Chesapeake Bay",2147.03,1965.54800361505,0.252045659620853,0.863745185221394,72.2222222222222,5000,5,"variance",5
"40","Chesapeake Bay",13344.74,6001.78876764824,0.252045659620853,0.863745185221394,72.2222222222222,5000,5,"variance",5
"41","Chesapeake Bay",674.89,1625.92100102616,0.252045659620853,0.863745185221394,72.2222222222222,5000,5,"variance",5
"42","Chesapeake Bay",31431.01585,26294.9506936295,0.252045659620853,0.863745185221394,72.2222222222222,5000,5,"variance",5
"43","Chesapeake Bay",1249.71,1288.15648275701,0.252045659620853,0.863745185221394,72.2222222222222,5000,5,"variance",5
"44","Chesapeake Bay",684.51,1954.27428168897,0.252045659620853,0.863745185221394,72.2222222222222,5000,5,"variance",5
"45","Chesapeake Bay",1043.6,1807.03944644639,0.252045659620853,0.863745185221394,72.2222222222222,5000,5,"variance",5
"46","Chesapeake Bay",1002.1,1177.53480105095,0.252045659620853,0.863745185221394,72.2222222222222,5000,5,"variance",5
"47","Chesapeake Bay",12408.28,5487.02248102851,0.252045659620853,0.863745185221394,72.2222222222222,5000,5,"variance",5
"48","Chesapeake Bay",1454.183,1930.97240306505,0.252045659620853,0.863745185221394,72.2222222222222,5000,5,"variance",5
"49","Chesapeake Bay",3277.32,3562.26864398262,0.252045659620853,0.863745185221394,72.2222222222222,5000,5,"variance",5
"50","Chesapeake Bay",16302.69885,11001.4880409103,0.252045659620853,0.863745185221394,72.2222222222222,5000,5,"variance",5
"51","DEQ MI",148.72,107.694868511053,0.638601537028685,0.524843721163329,62.7906976744186,5000,4,"variance",5
"52","DEQ MI",231.33,89.9255861932929,0.638601537028685,0.524843721163329,62.7906976744186,5000,4,"variance",5
"53","DEQ MI",59.58,64.3812362733075,0.638601537028685,0.524843721163329,62.7906976744186,5000,4,"variance",5
"54","DEQ MI",71.09,82.120012468214,0.638601537028685,0.524843721163329,62.7906976744186,5000,4,"variance",5
"55","DEQ MI",7882.91,2546.13348374163,0.638601537028685,0.524843721163329,62.7906976744186,5000,4,"variance",5
"56","DEQ MI",2698.31,5259.37164736497,0.638601537028685,0.524843721163329,62.7906976744186,5000,4,"variance",5
"57","DEQ MI",3044.54,4433.92384352767,0.638601537028685,0.524843721163329,62.7906976744186,5000,4,"variance",5
"58","DEQ MI",2755,4433.55866152851,0.638601537028685,0.524843721163329,62.7906976744186,5000,4,"variance",5
"59","DEQ MI",902.12,625.017624469119,0.638601537028685,0.524843721163329,62.7906976744186,5000,4,"variance",5
"60","DEQ MI",942.65,462.266824674957,0.638601537028685,0.524843721163329,62.7906976744186,5000,4,"variance",5
"61","DEQ MI",2751.81,235.145657384736,0.638601537028685,0.524843721163329,62.7906976744186,5000,4,"variance",5
"62","DEQ MI",100.31,365.82153270212,0.638601537028685,0.524843721163329,62.7906976744186,5000,4,"variance",5
"63","DEQ MI",764.22,580.740018502377,0.638601537028685,0.524843721163329,62.7906976744186,5000,4,"variance",5
"64","DEQ MI",524.48,313.89825059091,0.638601537028685,0.524843721163329,62.7906976744186,5000,4,"variance",5
"65","DEQ MI",311.46,270.015960448728,0.638601537028685,0.524843721163329,62.7906976744186,5000,4,"variance",5
"66","DEQ MI",756.75,1376.37114806175,0.638601537028685,0.524843721163329,62.7906976744186,5000,4,"variance",5
"67","DEQ MI",849.12,682.669144953364,0.638601537028685,0.524843721163329,62.7906976744186,5000,4,"variance",5
"68","DEQ MI",9.83,375.50842545227,0.638601537028685,0.524843721163329,62.7906976744186,5000,4,"variance",5
"69","DEQ MI",886.13,668.55243086131,0.638601537028685,0.524843721163329,62.7906976744186,5000,4,"variance",5
"70","DEQ MI",175.66,703.260815795765,0.638601537028685,0.524843721163329,62.7906976744186,5000,4,"variance",5
"71","DEQ MI",412.15,490.379957449746,0.638601537028685,0.524843721163329,62.7906976744186,5000,4,"variance",5
"72","DEQ MI",493.62,253.247381211738,0.638601537028685,0.524843721163329,62.7906976744186,5000,4,"variance",5
"73","DEQ MI",1989.68,618.369891594324,0.638601537028685,0.524843721163329,62.7906976744186,5000,4,"variance",5
"74","DEQ MI",740.24,245.601919596304,0.638601537028685,0.524843721163329,62.7906976744186,5000,4,"variance",5
"75","DEQ MI",339.54,210.880656068457,0.638601537028685,0.524843721163329,62.7906976744186,5000,4,"variance",5
"76","DEQ MI",149.67,158.618449223953,0.638601537028685,0.524843721163329,62.7906976744186,5000,4,"variance",5
"77","DEQ MI",247.03,266.026143056324,0.638601537028685,0.524843721163329,62.7906976744186,5000,4,"variance",5
"78","DEQ MI",255.62,260.101831460948,0.638601537028685,0.524843721163329,62.7906976744186,5000,4,"variance",5
"79","DEQ MI",7148.59,689.127313321076,0.638601537028685,0.524843721163329,62.7906976744186,5000,4,"variance",5
"80","DEQ MI",5292.76,471.492356086303,0.638601537028685,0.524843721163329,62.7906976744186,5000,4,"variance",5
"81","DEQ MI",2847.16,2851.76468897047,0.638601537028685,0.524843721163329,62.7906976744186,5000,4,"variance",5
"82","DEQ MI",3966.34,3598.33067783646,0.638601537028685,0.524843721163329,62.7906976744186,5000,4,"variance",5
"83","DEQ MI",171.57,1869.83183089545,0.638601537028685,0.524843721163329,62.7906976744186,5000,4,"variance",5
"84","DEQ MI",116.78,254.998644318347,0.638601537028685,0.524843721163329,62.7906976744186,5000,4,"variance",5
"85","DEQ MI",167.17,192.961669602067,0.638601537028685,0.524843721163329,62.7906976744186,5000,4,"variance",5
"86","DEQ MI",170290.41,248.908469220535,0.638601537028685,0.524843721163329,62.7906976744186,5000,4,"variance",5
"87","DEQ MI",130.87,263.81162361456,0.638601537028685,0.524843721163329,62.7906976744186,5000,4,"variance",5
"88","DEQ MI",1785.41,1039.71052070704,0.638601537028685,0.524843721163329,62.7906976744186,5000,4,"variance",5
"89","DEQ MI",1433.2,1467.04580611071,0.638601537028685,0.524843721163329,62.7906976744186,5000,4,"variance",5
"90","DEQ MI",911.57,974.760062503382,0.638601537028685,0.524843721163329,62.7906976744186,5000,4,"variance",5
"91","DEQ MI",1099.6,749.487288389285,0.638601537028685,0.524843721163329,62.7906976744186,5000,4,"variance",5
"92","DEQ MI",90.98,52.459807481405,0.638601537028685,0.524843721163329,62.7906976744186,5000,4,"variance",5
"93","DEQ MI",193.45,430.003615754455,0.638601537028685,0.524843721163329,62.7906976744186,5000,4,"variance",5
"94","Fox River",300.93,177.99461691672,0.186230744015837,0.909810428174245,85.7142857142857,4500,6,"variance",5
"95","Fox River",317.19,111.296562550262,0.186230744015837,0.909810428174245,85.7142857142857,4500,6,"variance",5
"96","Fox River",400.83,353.468098693738,0.186230744015837,0.909810428174245,85.7142857142857,4500,6,"variance",5
"97","Fox River",234.88,597.793828423566,0.186230744015837,0.909810428174245,85.7142857142857,4500,6,"variance",5
"98","Fox River",3367.28,3148.23259912823,0.186230744015837,0.909810428174245,85.7142857142857,4500,6,"variance",5
"99","Fox River",922.83,1064.64370192405,0.186230744015837,0.909810428174245,85.7142857142857,4500,6,"variance",5
"100","Fox River",344.07,332.821909995045,0.186230744015837,0.909810428174245,85.7142857142857,4500,6,"variance",5
"101","Fox River",348.49,284.008613931756,0.186230744015837,0.909810428174245,85.7142857142857,4500,6,"variance",5
"102","Fox River",2641.02,1971.23823182529,0.186230744015837,0.909810428174245,85.7142857142857,4500,6,"variance",5
"103","Fox River",4368.07,3752.40136525101,0.186230744015837,0.909810428174245,85.7142857142857,4500,6,"variance",5
"104","Fox River",1278.75,943.936768605439,0.186230744015837,0.909810428174245,85.7142857142857,4500,6,"variance",5
"105","Fox River",589.35,633.92977456898,0.186230744015837,0.909810428174245,85.7142857142857,4500,6,"variance",5
"106","Fox River",589.64,209.066724294287,0.186230744015837,0.909810428174245,85.7142857142857,4500,6,"variance",5
"107","Fox River",1131.05,1150.0312460502,0.186230744015837,0.909810428174245,85.7142857142857,4500,6,"variance",5
"108","Fox River",305.9,384.537028246317,0.186230744015837,0.909810428174245,85.7142857142857,4500,6,"variance",5
"109","Fox River",1866.67,2144.37670302228,0.186230744015837,0.909810428174245,85.7142857142857,4500,6,"variance",5
"110","Fox River",1282.91,1390.21734326214,0.186230744015837,0.909810428174245,85.7142857142857,4500,6,"variance",5
"111","Fox River",833.27,716.827018030647,0.186230744015837,0.909810428174245,85.7142857142857,4500,6,"variance",5
"112","Fox River",980.39,1001.08595635268,0.186230744015837,0.909810428174245,85.7142857142857,4500,6,"variance",5
"113","Fox River",4964.43,3428.57401865814,0.186230744015837,0.909810428174245,85.7142857142857,4500,6,"variance",5
"114","Fox River",1568.89,1400.71162663873,0.186230744015837,0.909810428174245,85.7142857142857,4500,6,"variance",5
"115","Housatonic River",5e+05,168091.807325263,0.370646411664126,0.590357123615446,65.5913978494624,1000,5,"variance",5
"116","Housatonic River",1e+05,100817.638698307,0.370646411664126,0.590357123615446,65.5913978494624,1000,5,"variance",5
"117","Housatonic River",2e+05,172478.715882716,0.370646411664126,0.590357123615446,65.5913978494624,1000,5,"variance",5
"118","Housatonic River",1e+05,185224.567613708,0.370646411664126,0.590357123615446,65.5913978494624,1000,5,"variance",5
"119","Housatonic River",2e+05,268140.277819234,0.370646411664126,0.590357123615446,65.5913978494624,1000,5,"variance",5
"120","Housatonic River",1e+05,117423.02739511,0.370646411664126,0.590357123615446,65.5913978494624,1000,5,"variance",5
"121","Housatonic River",1e+05,181832.645809007,0.370646411664126,0.590357123615446,65.5913978494624,1000,5,"variance",5
"122","Housatonic River",1e+05,255171.735607137,0.370646411664126,0.590357123615446,65.5913978494624,1000,5,"variance",5
"123","Housatonic River",48000,44688.8678728877,0.370646411664126,0.590357123615446,65.5913978494624,1000,5,"variance",5
"124","Housatonic River",10000,27906.5254101296,0.370646411664126,0.590357123615446,65.5913978494624,1000,5,"variance",5
"125","Housatonic River",50000,93954.1104283533,0.370646411664126,0.590357123615446,65.5913978494624,1000,5,"variance",5
"126","Housatonic River",70000,27906.5254101296,0.370646411664126,0.590357123615446,65.5913978494624,1000,5,"variance",5
"127","Housatonic River",1e+05,51717.0682432733,0.370646411664126,0.590357123615446,65.5913978494624,1000,5,"variance",5
"128","Housatonic River",40000,31561.1260687975,0.370646411664126,0.590357123615446,65.5913978494624,1000,5,"variance",5
"129","Housatonic River",70000,43420.4304152207,0.370646411664126,0.590357123615446,65.5913978494624,1000,5,"variance",5
"130","Housatonic River",110000,62091.0922740407,0.370646411664126,0.590357123615446,65.5913978494624,1000,5,"variance",5
"131","Housatonic River",40000,41231.8355895772,0.370646411664126,0.590357123615446,65.5913978494624,1000,5,"variance",5
"132","Housatonic River",70000,36117.0161485974,0.370646411664126,0.590357123615446,65.5913978494624,1000,5,"variance",5
"133","Housatonic River",1e+05,113369.658044572,0.370646411664126,0.590357123615446,65.5913978494624,1000,5,"variance",5
"134","Housatonic River",2e+05,134181.488221808,0.370646411664126,0.590357123615446,65.5913978494624,1000,5,"variance",5
"135","Housatonic River",5e+05,145483.367116749,0.370646411664126,0.590357123615446,65.5913978494624,1000,5,"variance",5
"136","Housatonic River",1e+05,152433.018449806,0.370646411664126,0.590357123615446,65.5913978494624,1000,5,"variance",5
"137","Housatonic River",64000,147108.737458759,0.370646411664126,0.590357123615446,65.5913978494624,1000,5,"variance",5
"138","Housatonic River",160000,228819.626532209,0.370646411664126,0.590357123615446,65.5913978494624,1000,5,"variance",5
"139","Housatonic River",5e+05,287766.12828007,0.370646411664126,0.590357123615446,65.5913978494624,1000,5,"variance",5
"140","Housatonic River",1e+05,104372.090902049,0.370646411664126,0.590357123615446,65.5913978494624,1000,5,"variance",5
"141","Housatonic River",60000,75069.3874520746,0.370646411664126,0.590357123615446,65.5913978494624,1000,5,"variance",5
"142","Housatonic River",70000,85396.4148436806,0.370646411664126,0.590357123615446,65.5913978494624,1000,5,"variance",5
"143","Housatonic River",1e+05,75069.3874520746,0.370646411664126,0.590357123615446,65.5913978494624,1000,5,"variance",5
"144","Housatonic River",1e+05,70661.5021914084,0.370646411664126,0.590357123615446,65.5913978494624,1000,5,"variance",5
"145","Housatonic River",60000,81673.8860690113,0.370646411664126,0.590357123615446,65.5913978494624,1000,5,"variance",5
"146","Housatonic River",70000,92355.8338631408,0.370646411664126,0.590357123615446,65.5913978494624,1000,5,"variance",5
"147","Housatonic River",80000,66726.2800930316,0.370646411664126,0.590357123615446,65.5913978494624,1000,5,"variance",5
"148","Housatonic River",140000,110754.305444693,0.370646411664126,0.590357123615446,65.5913978494624,1000,5,"variance",5
"149","Housatonic River",170000,91732.1093729741,0.370646411664126,0.590357123615446,65.5913978494624,1000,5,"variance",5
"150","Housatonic River",90000,138150.337932599,0.370646411664126,0.590357123615446,65.5913978494624,1000,5,"variance",5
"151","Housatonic River",1e+05,160970.729219314,0.370646411664126,0.590357123615446,65.5913978494624,1000,5,"variance",5
"152","Housatonic River",220000,234603.059526924,0.370646411664126,0.590357123615446,65.5913978494624,1000,5,"variance",5
"153","Housatonic River",97000,146818.504552337,0.370646411664126,0.590357123615446,65.5913978494624,1000,5,"variance",5
"154","Housatonic River",110000,925076.564590162,0.370646411664126,0.590357123615446,65.5913978494624,1000,5,"variance",5
"155","Housatonic River",120000,728234.727959795,0.370646411664126,0.590357123615446,65.5913978494624,1000,5,"variance",5
"156","Housatonic River",80000,643325.242554261,0.370646411664126,0.590357123615446,65.5913978494624,1000,5,"variance",5
"157","Housatonic River",79000,123242.401621646,0.370646411664126,0.590357123615446,65.5913978494624,1000,5,"variance",5
"158","Housatonic River",110000,132460.27305486,0.370646411664126,0.590357123615446,65.5913978494624,1000,5,"variance",5
"159","Housatonic River",240000,359363.807715698,0.370646411664126,0.590357123615446,65.5913978494624,1000,5,"variance",5
"160","Housatonic River",82000,251946.359112177,0.370646411664126,0.590357123615446,65.5913978494624,1000,5,"variance",5
"161","Housatonic River",220000,257653.525962026,0.370646411664126,0.590357123615446,65.5913978494624,1000,5,"variance",5
"162","Housatonic River",130000,115417.598846851,0.370646411664126,0.590357123615446,65.5913978494624,1000,5,"variance",5
"163","Housatonic River",3e+05,320397.277530011,0.370646411664126,0.590357123615446,65.5913978494624,1000,5,"variance",5
"164","Housatonic River",260000,236830.339657634,0.370646411664126,0.590357123615446,65.5913978494624,1000,5,"variance",5
"165","Housatonic River",8e+05,416383.95198071,0.370646411664126,0.590357123615446,65.5913978494624,1000,5,"variance",5
"166","Housatonic River",83000,97203.3770776437,0.370646411664126,0.590357123615446,65.5913978494624,1000,5,"variance",5
"167","Housatonic River",147000,245977.141944295,0.370646411664126,0.590357123615446,65.5913978494624,1000,5,"variance",5
"168","Housatonic River",79000,101678.502358608,0.370646411664126,0.590357123615446,65.5913978494624,1000,5,"variance",5
"169","Housatonic River",76000,182485.134599259,0.370646411664126,0.590357123615446,65.5913978494624,1000,5,"variance",5
"170","Housatonic River",230000,670446.065989122,0.370646411664126,0.590357123615446,65.5913978494624,1000,5,"variance",5
"171","Housatonic River",380000,442427.018062425,0.370646411664126,0.590357123615446,65.5913978494624,1000,5,"variance",5
"172","Housatonic River",930000,442427.018062425,0.370646411664126,0.590357123615446,65.5913978494624,1000,5,"variance",5
"173","Housatonic River",48000,159956.504946827,0.370646411664126,0.590357123615446,65.5913978494624,1000,5,"variance",5
"174","Housatonic River",71000,146202.734800012,0.370646411664126,0.590357123615446,65.5913978494624,1000,5,"variance",5
"175","Housatonic River",114000,135243.738403858,0.370646411664126,0.590357123615446,65.5913978494624,1000,5,"variance",5
"176","Housatonic River",409000,122650.446256228,0.370646411664126,0.590357123615446,65.5913978494624,1000,5,"variance",5
"177","Housatonic River",568000,121111.477989938,0.370646411664126,0.590357123615446,65.5913978494624,1000,5,"variance",5
"178","Housatonic River",55000,206123.009987571,0.370646411664126,0.590357123615446,65.5913978494624,1000,5,"variance",5
"179","Housatonic River",59000,100983.849927085,0.370646411664126,0.590357123615446,65.5913978494624,1000,5,"variance",5
"180","Housatonic River",94000,69086.011125188,0.370646411664126,0.590357123615446,65.5913978494624,1000,5,"variance",5
"181","Housatonic River",239000,54078.3667123272,0.370646411664126,0.590357123615446,65.5913978494624,1000,5,"variance",5
"182","Housatonic River",28000,39819.3006469746,0.370646411664126,0.590357123615446,65.5913978494624,1000,5,"variance",5
"183","Housatonic River",36000,51108.2161899118,0.370646411664126,0.590357123615446,65.5913978494624,1000,5,"variance",5
"184","Housatonic River",50000,86138.9040599318,0.370646411664126,0.590357123615446,65.5913978494624,1000,5,"variance",5
"185","Housatonic River",65000,48177.0885688432,0.370646411664126,0.590357123615446,65.5913978494624,1000,5,"variance",5
"186","Housatonic River",93000,92709.1022324213,0.370646411664126,0.590357123615446,65.5913978494624,1000,5,"variance",5
"187","Housatonic River",134000,86857.0627574886,0.370646411664126,0.590357123615446,65.5913978494624,1000,5,"variance",5
"188","Housatonic River",173000,92709.1022324213,0.370646411664126,0.590357123615446,65.5913978494624,1000,5,"variance",5
"189","Housatonic River",231000,41019.2607851755,0.370646411664126,0.590357123615446,65.5913978494624,1000,5,"variance",5
"190","Housatonic River",33000,147718.280926641,0.370646411664126,0.590357123615446,65.5913978494624,1000,5,"variance",5
"191","Housatonic River",33000,82221.7289544608,0.370646411664126,0.590357123615446,65.5913978494624,1000,5,"variance",5
"192","Housatonic River",58000,190730.321076245,0.370646411664126,0.590357123615446,65.5913978494624,1000,5,"variance",5
"193","Housatonic River",62000,57152.2202911473,0.370646411664126,0.590357123615446,65.5913978494624,1000,5,"variance",5
"194","Housatonic River",172000,171181.2091347,0.370646411664126,0.590357123615446,65.5913978494624,1000,5,"variance",5
"195","Housatonic River",625000,171181.2091347,0.370646411664126,0.590357123615446,65.5913978494624,1000,5,"variance",5
"196","Housatonic River",82000,65768.6071552491,0.370646411664126,0.590357123615446,65.5913978494624,1000,5,"variance",5
"197","Housatonic River",96000,72273.0044747811,0.370646411664126,0.590357123615446,65.5913978494624,1000,5,"variance",5
"198","Housatonic River",121000,88703.7866001862,0.370646411664126,0.590357123615446,65.5913978494624,1000,5,"variance",5
"199","Housatonic River",152000,72273.0044747811,0.370646411664126,0.590357123615446,65.5913978494624,1000,5,"variance",5
"200","Housatonic River",178000,49288.4758240855,0.370646411664126,0.590357123615446,65.5913978494624,1000,5,"variance",5
"201","Housatonic River",132000,46532.2891013628,0.370646411664126,0.590357123615446,65.5913978494624,1000,5,"variance",5
"202","Housatonic River",23000,38912.3162001915,0.370646411664126,0.590357123615446,65.5913978494624,1000,5,"variance",5
"203","Housatonic River",28000,58791.864177393,0.370646411664126,0.590357123615446,65.5913978494624,1000,5,"variance",5
"204","Housatonic River",85000,254777.944393717,0.370646411664126,0.590357123615446,65.5913978494624,1000,5,"variance",5
"205","Housatonic River",204000,196472.983687353,0.370646411664126,0.590357123615446,65.5913978494624,1000,5,"variance",5
"206","Housatonic River",256000,280469.276216137,0.370646411664126,0.590357123615446,65.5913978494624,1000,5,"variance",5
"207","Housatonic River",47000,60737.7274533979,0.370646411664126,0.590357123615446,65.5913978494624,1000,5,"variance",5
"208","Housatonic River",37000,46373.1576965159,0.370646411664126,0.590357123615446,65.5913978494624,1000,5,"variance",5
"209","Housatonic River",28000,60995.1386885822,0.370646411664126,0.590357123615446,65.5913978494624,1000,5,"variance",5
"210","Housatonic River",27000,51577.6532807774,0.370646411664126,0.590357123615446,65.5913978494624,1000,5,"variance",5
"211","Housatonic River",71000,91327.8648864203,0.370646411664126,0.590357123615446,65.5913978494624,1000,5,"variance",5
"212","Housatonic River",129000,110969.461031978,0.370646411664126,0.590357123615446,65.5913978494624,1000,5,"variance",5
"213","Housatonic River",24000,52552.8776383867,0.370646411664126,0.590357123615446,65.5913978494624,1000,5,"variance",5
"214","Housatonic River",82000,71299.5517487409,0.370646411664126,0.590357123615446,65.5913978494624,1000,5,"variance",5
"215","Housatonic River",23000,35008.531560782,0.370646411664126,0.590357123615446,65.5913978494624,1000,5,"variance",5
"216","Housatonic River",70000,176153.307592686,0.370646411664126,0.590357123615446,65.5913978494624,1000,5,"variance",5
"217","Housatonic River",24000,138849.668785104,0.370646411664126,0.590357123615446,65.5913978494624,1000,5,"variance",5
"218","Housatonic River",28000,139765.032824993,0.370646411664126,0.590357123615446,65.5913978494624,1000,5,"variance",5
"219","Housatonic River",231000,132629.036799845,0.370646411664126,0.590357123615446,65.5913978494624,1000,5,"variance",5
"220","Housatonic River",98000,167632.307407586,0.370646411664126,0.590357123615446,65.5913978494624,1000,5,"variance",5
"221","Housatonic River",81000,382846.731699901,0.370646411664126,0.590357123615446,65.5913978494624,1000,5,"variance",5
"222","Housatonic River",354000,375899.138273872,0.370646411664126,0.590357123615446,65.5913978494624,1000,5,"variance",5
"223","Housatonic River",905000,1485794.07920802,0.370646411664126,0.590357123615446,65.5913978494624,1000,5,"variance",5
"224","Housatonic River",25000,37497.9257621299,0.370646411664126,0.590357123615446,65.5913978494624,1000,5,"variance",5
"225","Housatonic River",382000,78907.8409280259,0.370646411664126,0.590357123615446,65.5913978494624,1000,5,"variance",5
"226","Housatonic River",24000,49110.7782019985,0.370646411664126,0.590357123615446,65.5913978494624,1000,5,"variance",5
"227","Housatonic River",157000,139652.564231833,0.370646411664126,0.590357123615446,65.5913978494624,1000,5,"variance",5
"228","Housatonic River",49000,33101.0586059356,0.370646411664126,0.590357123615446,65.5913978494624,1000,5,"variance",5
"229","Housatonic River",1220000,313277.54021297,0.370646411664126,0.590357123615446,65.5913978494624,1000,5,"variance",5
"230","Housatonic River",393000,298626.075108151,0.370646411664126,0.590357123615446,65.5913978494624,1000,5,"variance",5
"231","Housatonic River",50000,50582.7717461913,0.370646411664126,0.590357123615446,65.5913978494624,1000,5,"variance",5
"232","Housatonic River",31000,90469.9551636921,0.370646411664126,0.590357123615446,65.5913978494624,1000,5,"variance",5
"233","Housatonic River",88000,96293.8918296343,0.370646411664126,0.590357123615446,65.5913978494624,1000,5,"variance",5
"234","Housatonic River",64000,79700.8322261512,0.370646411664126,0.590357123615446,65.5913978494624,1000,5,"variance",5
"235","Housatonic River",60000,108140.282650564,0.370646411664126,0.590357123615446,65.5913978494624,1000,5,"variance",5
"236","Housatonic River",64000,66171.4145517501,0.370646411664126,0.590357123615446,65.5913978494624,1000,5,"variance",5
"237","Housatonic River",75000,81234.3664323128,0.370646411664126,0.590357123615446,65.5913978494624,1000,5,"variance",5
"238","Housatonic River",94000,80439.2257889176,0.370646411664126,0.590357123615446,65.5913978494624,1000,5,"variance",5
"239","Housatonic River",1e+05,109504.88726099,0.370646411664126,0.590357123615446,65.5913978494624,1000,5,"variance",5
"240","Housatonic River",483000,311770.456539358,0.370646411664126,0.590357123615446,65.5913978494624,1000,5,"variance",5
"241","Housatonic River",89000,529781.628601576,0.370646411664126,0.590357123615446,65.5913978494624,1000,5,"variance",5
"242","Housatonic River",39000,29927.4833791232,0.370646411664126,0.590357123615446,65.5913978494624,1000,5,"variance",5
"243","Housatonic River",470000,112396.893099007,0.370646411664126,0.590357123615446,65.5913978494624,1000,5,"variance",5
"244","Housatonic River",139000,72169.046623165,0.370646411664126,0.590357123615446,65.5913978494624,1000,5,"variance",5
"245","Housatonic River",79000,261347.831504201,0.370646411664126,0.590357123615446,65.5913978494624,1000,5,"variance",5
"246","Housatonic River",326000,169922.335262421,0.370646411664126,0.590357123615446,65.5913978494624,1000,5,"variance",5
"247","Housatonic River",35000,59330.278878605,0.370646411664126,0.590357123615446,65.5913978494624,1000,5,"variance",5
"248","Housatonic River",122000,65835.990332084,0.370646411664126,0.590357123615446,65.5913978494624,1000,5,"variance",5
"249","Housatonic River",356000,138612.969257806,0.370646411664126,0.590357123615446,65.5913978494624,1000,5,"variance",5
"250","Housatonic River",77000,85586.4392780935,0.370646411664126,0.590357123615446,65.5913978494624,1000,5,"variance",5
"251","Housatonic River",345000,127928.166870892,0.370646411664126,0.590357123615446,65.5913978494624,1000,5,"variance",5
"252","Housatonic River",246000,164320.690264704,0.370646411664126,0.590357123615446,65.5913978494624,1000,5,"variance",5
"253","Housatonic River",42000,90523.2241769797,0.370646411664126,0.590357123615446,65.5913978494624,1000,5,"variance",5
"254","Housatonic River",50000,82340.9692068039,0.370646411664126,0.590357123615446,65.5913978494624,1000,5,"variance",5
"255","Housatonic River",1410000,102114.66181576,0.370646411664126,0.590357123615446,65.5913978494624,1000,5,"variance",5
"256","Housatonic River",111000,60968.1197304693,0.370646411664126,0.590357123615446,65.5913978494624,1000,5,"variance",5
"257","Housatonic River",131000,78526.3763908405,0.370646411664126,0.590357123615446,65.5913978494624,1000,5,"variance",5
"258","Housatonic River",866000,99294.948925326,0.370646411664126,0.590357123615446,65.5913978494624,1000,5,"variance",5
"259","Housatonic River",27000,80531.3325724055,0.370646411664126,0.590357123615446,65.5913978494624,1000,5,"variance",5
"260","Housatonic River",26000,34158.8648947152,0.370646411664126,0.590357123615446,65.5913978494624,1000,5,"variance",5
"261","Housatonic River",31000,33927.5866675611,0.370646411664126,0.590357123615446,65.5913978494624,1000,5,"variance",5
"262","Housatonic River",28000,104358.91323723,0.370646411664126,0.590357123615446,65.5913978494624,1000,5,"variance",5
"263","Housatonic River",26000,77284.3359562473,0.370646411664126,0.590357123615446,65.5913978494624,1000,5,"variance",5
"264","Housatonic River",282000,56628.045640561,0.370646411664126,0.590357123615446,65.5913978494624,1000,5,"variance",5
"265","Housatonic River",26000,39638.8182361128,0.370646411664126,0.590357123615446,65.5913978494624,1000,5,"variance",5
"266","Housatonic River",112000,62753.353603686,0.370646411664126,0.590357123615446,65.5913978494624,1000,5,"variance",5
"267","Housatonic River",112000,69681.3770009579,0.370646411664126,0.590357123615446,65.5913978494624,1000,5,"variance",5
"268","Housatonic River",23000,44841.3486118507,0.370646411664126,0.590357123615446,65.5913978494624,1000,5,"variance",5
"269","Housatonic River",23000,142145.88032447,0.370646411664126,0.590357123615446,65.5913978494624,1000,5,"variance",5
"270","Housatonic River",24000,54095.3276235983,0.370646411664126,0.590357123615446,65.5913978494624,1000,5,"variance",5
"271","Housatonic River",93000,88914.7557432328,0.370646411664126,0.590357123615446,65.5913978494624,1000,5,"variance",5
"272","Housatonic River",27000,60877.4779492694,0.370646411664126,0.590357123615446,65.5913978494624,1000,5,"variance",5
"273","Housatonic River",26000,110565.475967555,0.370646411664126,0.590357123615446,65.5913978494624,1000,5,"variance",5
"274","Housatonic River",27000,110565.475967555,0.370646411664126,0.590357123615446,65.5913978494624,1000,5,"variance",5
"275","Housatonic River",2e+05,388728.853110908,0.370646411664126,0.590357123615446,65.5913978494624,1000,5,"variance",5
"276","Housatonic River",388000,388728.853110908,0.370646411664126,0.590357123615446,65.5913978494624,1000,5,"variance",5
"277","Housatonic River",1490000,388728.853110908,0.370646411664126,0.590357123615446,65.5913978494624,1000,5,"variance",5
"278","Housatonic River",75500,167560.031764036,0.370646411664126,0.590357123615446,65.5913978494624,1000,5,"variance",5
"279","Housatonic River",81000,167560.031764036,0.370646411664126,0.590357123615446,65.5913978494624,1000,5,"variance",5
"280","Housatonic River",35700,115897.127370037,0.370646411664126,0.590357123615446,65.5913978494624,1000,5,"variance",5
"281","Housatonic River",74200,76333.5803047533,0.370646411664126,0.590357123615446,65.5913978494624,1000,5,"variance",5
"282","Housatonic River",75200,63509.3049945709,0.370646411664126,0.590357123615446,65.5913978494624,1000,5,"variance",5
"283","Housatonic River",90500,67046.882827947,0.370646411664126,0.590357123615446,65.5913978494624,1000,5,"variance",5
"284","Housatonic River",102200,60747.3580739738,0.370646411664126,0.590357123615446,65.5913978494624,1000,5,"variance",5
"285","Housatonic River",442000,287929.490937363,0.370646411664126,0.590357123615446,65.5913978494624,1000,5,"variance",5
"286","Housatonic River",546000,287929.490937363,0.370646411664126,0.590357123615446,65.5913978494624,1000,5,"variance",5
"287","Housatonic River",554000,287929.490937363,0.370646411664126,0.590357123615446,65.5913978494624,1000,5,"variance",5
"288","Housatonic River",6800000,287929.490937363,0.370646411664126,0.590357123615446,65.5913978494624,1000,5,"variance",5
"289","Housatonic River",36000,163392.877524995,0.370646411664126,0.590357123615446,65.5913978494624,1000,5,"variance",5
"290","Housatonic River",390000,163392.877524995,0.370646411664126,0.590357123615446,65.5913978494624,1000,5,"variance",5
"291","Housatonic River",569000,163392.877524995,0.370646411664126,0.590357123615446,65.5913978494624,1000,5,"variance",5
"292","Housatonic River",749000,163392.877524995,0.370646411664126,0.590357123615446,65.5913978494624,1000,5,"variance",5
"293","Housatonic River",1297000,163392.877524995,0.370646411664126,0.590357123615446,65.5913978494624,1000,5,"variance",5
"294","Housatonic River",98000,57444.6776651107,0.370646411664126,0.590357123615446,65.5913978494624,1000,5,"variance",5
"295","Housatonic River",355000,57444.6776651107,0.370646411664126,0.590357123615446,65.5913978494624,1000,5,"variance",5
"296","Housatonic River",128000,518726.239479881,0.370646411664126,0.590357123615446,65.5913978494624,1000,5,"variance",5
"297","Housatonic River",82200,104925.683217023,0.370646411664126,0.590357123615446,65.5913978494624,1000,5,"variance",5
"298","Housatonic River",36800,69640.050814072,0.370646411664126,0.590357123615446,65.5913978494624,1000,5,"variance",5
"299","Housatonic River",240000,80413.7537481973,0.370646411664126,0.590357123615446,65.5913978494624,1000,5,"variance",5
"300","Housatonic River",60700,96315.9861974826,0.370646411664126,0.590357123615446,65.5913978494624,1000,5,"variance",5
"301","Housatonic River",25700,82006.2542931987,0.370646411664126,0.590357123615446,65.5913978494624,1000,5,"variance",5
"302","Housatonic River",3780000,260205.838406575,0.370646411664126,0.590357123615446,65.5913978494624,1000,5,"variance",5
"303","Housatonic River",28900,137325.175494971,0.370646411664126,0.590357123615446,65.5913978494624,1000,5,"variance",5
"304","Housatonic River",76900,141568.501290812,0.370646411664126,0.590357123615446,65.5913978494624,1000,5,"variance",5
"305","Housatonic River",168000,164261.862564371,0.370646411664126,0.590357123615446,65.5913978494624,1000,5,"variance",5
"306","Housatonic River",191000,164261.862564371,0.370646411664126,0.590357123615446,65.5913978494624,1000,5,"variance",5
"307","Housatonic River",30100,44414.9126746873,0.370646411664126,0.590357123615446,65.5913978494624,1000,5,"variance",5
"308","Housatonic River",57600,114260.319291254,0.370646411664126,0.590357123615446,65.5913978494624,1000,5,"variance",5
"309","Housatonic River",71400,82786.4385517912,0.370646411664126,0.590357123615446,65.5913978494624,1000,5,"variance",5
"310","Housatonic River",90600,71132.7243242774,0.370646411664126,0.590357123615446,65.5913978494624,1000,5,"variance",5
"311","Housatonic River",256000,170684.606392529,0.370646411664126,0.590357123615446,65.5913978494624,1000,5,"variance",5
"312","Housatonic River",25200,81051.2260368696,0.370646411664126,0.590357123615446,65.5913978494624,1000,5,"variance",5
"313","Housatonic River",86100,94628.8071401496,0.370646411664126,0.590357123615446,65.5913978494624,1000,5,"variance",5
"314","Housatonic River",110000,48157.3852047166,0.370646411664126,0.590357123615446,65.5913978494624,1000,5,"variance",5
"315","Housatonic River",615000,200949.313802112,0.370646411664126,0.590357123615446,65.5913978494624,1000,5,"variance",5
"316","Housatonic River",94700,83419.6249152474,0.370646411664126,0.590357123615446,65.5913978494624,1000,5,"variance",5
"317","Housatonic River",48700,76176.4318151872,0.370646411664126,0.590357123615446,65.5913978494624,1000,5,"variance",5
"318","Housatonic River",40400,48644.199254768,0.370646411664126,0.590357123615446,65.5913978494624,1000,5,"variance",5
"319","Housatonic River",41800,127176.122533476,0.370646411664126,0.590357123615446,65.5913978494624,1000,5,"variance",5
"320","Housatonic River",115000,142200.425131061,0.370646411664126,0.590357123615446,65.5913978494624,1000,5,"variance",5
"321","Housatonic River",578000,128054.237476545,0.370646411664126,0.590357123615446,65.5913978494624,1000,5,"variance",5
"322","Housatonic River",1060000,142200.425131061,0.370646411664126,0.590357123615446,65.5913978494624,1000,5,"variance",5
"323","Housatonic River",204000,147022.953329128,0.370646411664126,0.590357123615446,65.5913978494624,1000,5,"variance",5
"324","Housatonic River",29800,59338.6646406091,0.370646411664126,0.590357123615446,65.5913978494624,1000,5,"variance",5
"325","Housatonic River",384000,117620.371550429,0.370646411664126,0.590357123615446,65.5913978494624,1000,5,"variance",5
"326","Housatonic River",231000,481484.558513574,0.370646411664126,0.590357123615446,65.5913978494624,1000,5,"variance",5
"327","Housatonic River",43500,66551.1625573779,0.370646411664126,0.590357123615446,65.5913978494624,1000,5,"variance",5
"328","Housatonic River",25200,53472.6057647306,0.370646411664126,0.590357123615446,65.5913978494624,1000,5,"variance",5
"329","Housatonic River",467000,52762.1605682307,0.370646411664126,0.590357123615446,65.5913978494624,1000,5,"variance",5
"330","Housatonic River",67100,86232.855707683,0.370646411664126,0.590357123615446,65.5913978494624,1000,5,"variance",5
"331","Housatonic River",166000,98927.1753037314,0.370646411664126,0.590357123615446,65.5913978494624,1000,5,"variance",5
"332","Housatonic River",102000,172799.220772332,0.370646411664126,0.590357123615446,65.5913978494624,1000,5,"variance",5
"333","Housatonic River",59800,62744.6798422338,0.370646411664126,0.590357123615446,65.5913978494624,1000,5,"variance",5
"334","Housatonic River",109000,55267.7790962581,0.370646411664126,0.590357123615446,65.5913978494624,1000,5,"variance",5
"335","Housatonic River",24900,72705.6919958676,0.370646411664126,0.590357123615446,65.5913978494624,1000,5,"variance",5
"336","Housatonic River",23700,53576.7617444184,0.370646411664126,0.590357123615446,65.5913978494624,1000,5,"variance",5
"337","Housatonic River",22100,55887.6862368791,0.370646411664126,0.590357123615446,65.5913978494624,1000,5,"variance",5
"338","Housatonic River",67000,109398.817547913,0.370646411664126,0.590357123615446,65.5913978494624,1000,5,"variance",5
"339","Housatonic River",160000,104038.354326509,0.370646411664126,0.590357123615446,65.5913978494624,1000,5,"variance",5
"340","Housatonic River",73000,111960.255521182,0.370646411664126,0.590357123615446,65.5913978494624,1000,5,"variance",5
"341","Housatonic River",94000,60001.6005757039,0.370646411664126,0.590357123615446,65.5913978494624,1000,5,"variance",5
"342","Housatonic River",22000,77261.9229937353,0.370646411664126,0.590357123615446,65.5913978494624,1000,5,"variance",5
"343","Housatonic River",250000,72501.9002317574,0.370646411664126,0.590357123615446,65.5913978494624,1000,5,"variance",5
"344","Housatonic River",28000,80530.5475951226,0.370646411664126,0.590357123615446,65.5913978494624,1000,5,"variance",5
"345","Housatonic River",124000,91262.8065241168,0.370646411664126,0.590357123615446,65.5913978494624,1000,5,"variance",5
"346","Housatonic River",127000,113430.656179376,0.370646411664126,0.590357123615446,65.5913978494624,1000,5,"variance",5
"347","Housatonic River",22900,38333.2325196374,0.370646411664126,0.590357123615446,65.5913978494624,1000,5,"variance",5
"348","Housatonic River",22000,55983.0478666428,0.370646411664126,0.590357123615446,65.5913978494624,1000,5,"variance",5
"349","Housatonic River",190000,129867.851729144,0.370646411664126,0.590357123615446,65.5913978494624,1000,5,"variance",5
"350","Housatonic River",146000,153860.995765251,0.370646411664126,0.590357123615446,65.5913978494624,1000,5,"variance",5
"351","Housatonic River",116000,99153.6534565539,0.370646411664126,0.590357123615446,65.5913978494624,1000,5,"variance",5
"352","Housatonic River",140000,225512.698205228,0.370646411664126,0.590357123615446,65.5913978494624,1000,5,"variance",5
"353","Housatonic River",23000,49661.3078678384,0.370646411664126,0.590357123615446,65.5913978494624,1000,5,"variance",5
"354","Housatonic River",230000,127894.718884179,0.370646411664126,0.590357123615446,65.5913978494624,1000,5,"variance",5
"355","Housatonic River",276000,135176.531857313,0.370646411664126,0.590357123615446,65.5913978494624,1000,5,"variance",5
"356","Housatonic River",39000,84204.3945053727,0.370646411664126,0.590357123615446,65.5913978494624,1000,5,"variance",5
"357","Housatonic River",72000,88499.1974679812,0.370646411664126,0.590357123615446,65.5913978494624,1000,5,"variance",5
"358","Housatonic River",108000,93924.5464675586,0.370646411664126,0.590357123615446,65.5913978494624,1000,5,"variance",5
"359","Housatonic River",67000,122501.863268343,0.370646411664126,0.590357123615446,65.5913978494624,1000,5,"variance",5
"360","Housatonic River",68000,89030.5955796527,0.370646411664126,0.590357123615446,65.5913978494624,1000,5,"variance",5
"361","Housatonic River",79000,81924.9251272797,0.370646411664126,0.590357123615446,65.5913978494624,1000,5,"variance",5
"362","Housatonic River",75000,131260.557657299,0.370646411664126,0.590357123615446,65.5913978494624,1000,5,"variance",5
"363","Housatonic River",46000,70776.5502852997,0.370646411664126,0.590357123615446,65.5913978494624,1000,5,"variance",5
"364","Housatonic River",64000,60249.4532756208,0.370646411664126,0.590357123615446,65.5913978494624,1000,5,"variance",5
"365","Housatonic River",72000,68312.5852485783,0.370646411664126,0.590357123615446,65.5913978494624,1000,5,"variance",5
"366","Housatonic River",46000,72975.1432587512,0.370646411664126,0.590357123615446,65.5913978494624,1000,5,"variance",5
"367","Housatonic River",119000,96602.3550842405,0.370646411664126,0.590357123615446,65.5913978494624,1000,5,"variance",5
"368","Housatonic River",61000,106017.133362063,0.370646411664126,0.590357123615446,65.5913978494624,1000,5,"variance",5
"369","Housatonic River",58000,41095.5495543334,0.370646411664126,0.590357123615446,65.5913978494624,1000,5,"variance",5
"370","Housatonic River",36000,28962.379393831,0.370646411664126,0.590357123615446,65.5913978494624,1000,5,"variance",5
"371","Housatonic River",23000,26820.6154021533,0.370646411664126,0.590357123615446,65.5913978494624,1000,5,"variance",5
"372","Housatonic River",52900,28339.6373313529,0.370646411664126,0.590357123615446,65.5913978494624,1000,5,"variance",5
"373","Housatonic River",28000,27081.0256360268,0.370646411664126,0.590357123615446,65.5913978494624,1000,5,"variance",5
"374","Housatonic River",22000,42655.6190952215,0.370646411664126,0.590357123615446,65.5913978494624,1000,5,"variance",5
"375","Housatonic River",29000,40034.9992924202,0.370646411664126,0.590357123615446,65.5913978494624,1000,5,"variance",5
"376","Housatonic River",71000,55981.2594122804,0.370646411664126,0.590357123615446,65.5913978494624,1000,5,"variance",5
"377","Housatonic River",72000,53023.8826245623,0.370646411664126,0.590357123615446,65.5913978494624,1000,5,"variance",5
"378","Housatonic River",24000,35514.3834480038,0.370646411664126,0.590357123615446,65.5913978494624,1000,5,"variance",5
"379","Housatonic River",28000,32021.1936052921,0.370646411664126,0.590357123615446,65.5913978494624,1000,5,"variance",5
"380","Housatonic River",22000,39862.9596961,0.370646411664126,0.590357123615446,65.5913978494624,1000,5,"variance",5
"381","Housatonic River",53000,48869.7304072593,0.370646411664126,0.590357123615446,65.5913978494624,1000,5,"variance",5
"382","Housatonic River",57000,53535.4009018749,0.370646411664126,0.590357123615446,65.5913978494624,1000,5,"variance",5
"383","Housatonic River",96000,87952.9914423681,0.370646411664126,0.590357123615446,65.5913978494624,1000,5,"variance",5
"384","Housatonic River",22000,30072.6651065693,0.370646411664126,0.590357123615446,65.5913978494624,1000,5,"variance",5
"385","Housatonic River",28000,23760.9409542331,0.370646411664126,0.590357123615446,65.5913978494624,1000,5,"variance",5
"386","Housatonic River",61000,33516.2920333621,0.370646411664126,0.590357123615446,65.5913978494624,1000,5,"variance",5
"387","Housatonic River",38000,43506.9146375512,0.370646411664126,0.590357123615446,65.5913978494624,1000,5,"variance",5
"388","Housatonic River",22000,45375.1696271964,0.370646411664126,0.590357123615446,65.5913978494624,1000,5,"variance",5
"389","Housatonic River",120000,29768.0673010026,0.370646411664126,0.590357123615446,65.5913978494624,1000,5,"variance",5
"390","Housatonic River",22000,34241.6240370544,0.370646411664126,0.590357123615446,65.5913978494624,1000,5,"variance",5
"391","Housatonic River",26000,32394.1773302702,0.370646411664126,0.590357123615446,65.5913978494624,1000,5,"variance",5
"392","Housatonic River",9500,59012.1321470402,0.370646411664126,0.590357123615446,65.5913978494624,1000,5,"variance",5
"393","Housatonic River",171000,527047.191893115,0.370646411664126,0.590357123615446,65.5913978494624,1000,5,"variance",5
"394","Hudson River",10123.809,10447.203249947,0.111856481275821,0.954172584841103,100,5000,6,"variance",5
"395","Hudson River",8642.567,11419.4089083544,0.111856481275821,0.954172584841103,100,5000,6,"variance",5
"396","Hudson River",15771.29,15381.9858166984,0.111856481275821,0.954172584841103,100,5000,6,"variance",5
"397","Hudson River",16164.122,16928.9172522372,0.111856481275821,0.954172584841103,100,5000,6,"variance",5
"398","Hudson River",7472.735,10812.9164713523,0.111856481275821,0.954172584841103,100,5000,6,"variance",5
"399","Hudson River",8953.05,9466.90377223895,0.111856481275821,0.954172584841103,100,5000,6,"variance",5
"400","Hudson River",658.958,783.221123645369,0.111856481275821,0.954172584841103,100,5000,6,"variance",5
"401","Hudson River",12084.87,12387.3111645782,0.111856481275821,0.954172584841103,100,5000,6,"variance",5
"402","Hudson River",10400.065,12504.4533818526,0.111856481275821,0.954172584841103,100,5000,6,"variance",5
"403","Hudson River",14384.134,11994.1430937017,0.111856481275821,0.954172584841103,100,5000,6,"variance",5
"404","Hudson River",13830.477,14322.6205364133,0.111856481275821,0.954172584841103,100,5000,6,"variance",5
"405","Hudson River",5812.353,4942.25357819361,0.111856481275821,0.954172584841103,100,5000,6,"variance",5
"406","Hudson River",5878.753,5117.41846949718,0.111856481275821,0.954172584841103,100,5000,6,"variance",5
"407","Hudson River",7932.279,9892.84337983644,0.111856481275821,0.954172584841103,100,5000,6,"variance",5
"408","Hudson River",7218.451,11811.0176188499,0.111856481275821,0.954172584841103,100,5000,6,"variance",5
"409","Hudson River",7785.665,13498.5143945835,0.111856481275821,0.954172584841103,100,5000,6,"variance",5
"410","Hudson River",7286.584,9296.24500837371,0.111856481275821,0.954172584841103,100,5000,6,"variance",5
"411","Hudson River",8616.067,13959.3468298701,0.111856481275821,0.954172584841103,100,5000,6,"variance",5
"412","Hudson River",2386.508,3840.043280327,0.111856481275821,0.954172584841103,100,5000,6,"variance",5
"413","Hudson River",2887.184,3268.13080142114,0.111856481275821,0.954172584841103,100,5000,6,"variance",5
"414","Hudson River",16011.046,17077.9537053894,0.111856481275821,0.954172584841103,100,5000,6,"variance",5
"415","Hudson River",8337.77,7576.09839040167,0.111856481275821,0.954172584841103,100,5000,6,"variance",5
"416","Hudson River",5089.408,5849.86069208836,0.111856481275821,0.954172584841103,100,5000,6,"variance",5
"417","Kalamazoo River",48000,56095.6870220948,0.237079135956997,0.98167224313935,83.8709677419355,3000,5,"variance",5
"418","Kalamazoo River",1e+05,56095.6870220948,0.237079135956997,0.98167224313935,83.8709677419355,3000,5,"variance",5
"419","Kalamazoo River",1e+05,56095.6870220948,0.237079135956997,0.98167224313935,83.8709677419355,3000,5,"variance",5
"420","Kalamazoo River",62000,51812.0952879017,0.237079135956997,0.98167224313935,83.8709677419355,3000,5,"variance",5
"421","Kalamazoo River",48000,65958.1187328704,0.237079135956997,0.98167224313935,83.8709677419355,3000,5,"variance",5
"422","Kalamazoo River",27000,65388.7310446822,0.237079135956997,0.98167224313935,83.8709677419355,3000,5,"variance",5
"423","Kalamazoo River",25000,29297.4531822803,0.237079135956997,0.98167224313935,83.8709677419355,3000,5,"variance",5
"424","Kalamazoo River",27000,41598.1807858898,0.237079135956997,0.98167224313935,83.8709677419355,3000,5,"variance",5
"425","Kalamazoo River",26000,41598.1807858898,0.237079135956997,0.98167224313935,83.8709677419355,3000,5,"variance",5
"426","Kalamazoo River",37000,71480.4089868805,0.237079135956997,0.98167224313935,83.8709677419355,3000,5,"variance",5
"427","Kalamazoo River",110000,80117.6791005562,0.237079135956997,0.98167224313935,83.8709677419355,3000,5,"variance",5
"428","Kalamazoo River",130000,45033.771283549,0.237079135956997,0.98167224313935,83.8709677419355,3000,5,"variance",5
"429","Kalamazoo River",36000,45033.771283549,0.237079135956997,0.98167224313935,83.8709677419355,3000,5,"variance",5
"430","Kalamazoo River",140000,32720.3726023571,0.237079135956997,0.98167224313935,83.8709677419355,3000,5,"variance",5
"431","Kalamazoo River",110000,62407.2647915481,0.237079135956997,0.98167224313935,83.8709677419355,3000,5,"variance",5
"432","Kalamazoo River",150000,62595.3924740946,0.237079135956997,0.98167224313935,83.8709677419355,3000,5,"variance",5
"433","Kalamazoo River",75000,77237.1362636219,0.237079135956997,0.98167224313935,83.8709677419355,3000,5,"variance",5
"434","Kalamazoo River",92000,130653.406578406,0.237079135956997,0.98167224313935,83.8709677419355,3000,5,"variance",5
"435","Kalamazoo River",120000,120014.486378259,0.237079135956997,0.98167224313935,83.8709677419355,3000,5,"variance",5
"436","Kalamazoo River",64000,116763.386657174,0.237079135956997,0.98167224313935,83.8709677419355,3000,5,"variance",5
"437","Kalamazoo River",24000,34984.3619455931,0.237079135956997,0.98167224313935,83.8709677419355,3000,5,"variance",5
"438","Kalamazoo River",52000,30992.0485286662,0.237079135956997,0.98167224313935,83.8709677419355,3000,5,"variance",5
"439","Kalamazoo River",28000,26735.8945042519,0.237079135956997,0.98167224313935,83.8709677419355,3000,5,"variance",5
"440","Kalamazoo River",26000,32328.0449788073,0.237079135956997,0.98167224313935,83.8709677419355,3000,5,"variance",5
"441","Kalamazoo River",30,32.10798887256,0.237079135956997,0.98167224313935,83.8709677419355,3000,5,"variance",5
"442","Kalamazoo River",77,30.4073350870581,0.237079135956997,0.98167224313935,83.8709677419355,3000,5,"variance",5
"443","Kalamazoo River",41,29.3704498279841,0.237079135956997,0.98167224313935,83.8709677419355,3000,5,"variance",5
"444","Kalamazoo River",60,40.7645951818871,0.237079135956997,0.98167224313935,83.8709677419355,3000,5,"variance",5
"445","Kalamazoo River",29,45.5454290233656,0.237079135956997,0.98167224313935,83.8709677419355,3000,5,"variance",5
"446","Kalamazoo River",410000,371288.035619851,0.237079135956997,0.98167224313935,83.8709677419355,3000,5,"variance",5
"447","Kalamazoo River",478000,449942.938664859,0.237079135956997,0.98167224313935,83.8709677419355,3000,5,"variance",5
"448","Lake Michigan",79.55840704,148.934202280238,0.334697092706242,0.00681111279841831,93.75,5000,5,"variance",5
"449","Lake Michigan",222.7734247,177.871278422651,0.334697092706242,0.00681111279841831,93.75,5000,5,"variance",5
"450","Lake Michigan",208.416382,178.444684962275,0.334697092706242,0.00681111279841831,93.75,5000,5,"variance",5
"451","Lake Michigan",120,150.575431364211,0.334697092706242,0.00681111279841831,93.75,5000,5,"variance",5
"452","Lake Michigan",150.0455445,185.628072926769,0.334697092706242,0.00681111279841831,93.75,5000,5,"variance",5
"453","Lake Michigan",144.3434532,126.035738776403,0.334697092706242,0.00681111279841831,93.75,5000,5,"variance",5
"454","Lake Michigan",158.322114,126.035738776403,0.334697092706242,0.00681111279841831,93.75,5000,5,"variance",5
"455","Lake Michigan",212.7417753,231.600700610963,0.334697092706242,0.00681111279841831,93.75,5000,5,"variance",5
"456","Lake Michigan",274.1348595,146.93599988725,0.334697092706242,0.00681111279841831,93.75,5000,5,"variance",5
"457","Lake Michigan",71.69608499,116.820726500805,0.334697092706242,0.00681111279841831,93.75,5000,5,"variance",5
"458","Lake Michigan",137.2129857,156.696636113775,0.334697092706242,0.00681111279841831,93.75,5000,5,"variance",5
"459","Lake Michigan",211.5298609,192.189110244359,0.334697092706242,0.00681111279841831,93.75,5000,5,"variance",5
"460","Lake Michigan",104.452813,143.515041474704,0.334697092706242,0.00681111279841831,93.75,5000,5,"variance",5
"461","Lake Michigan",140.4561205,185.139035078215,0.334697092706242,0.00681111279841831,93.75,5000,5,"variance",5
"462","Lake Michigan",90.42302224,119.953701121083,0.334697092706242,0.00681111279841831,93.75,5000,5,"variance",5
"463","Lake Michigan",100.3922596,109.269896628056,0.334697092706242,0.00681111279841831,93.75,5000,5,"variance",5
"464","Lake Michigan",573.7546561,301.566744747236,0.334697092706242,0.00681111279841831,93.75,5000,5,"variance",5
"465","Lake Michigan",145.7375877,114.040004138084,0.334697092706242,0.00681111279841831,93.75,5000,5,"variance",5
"466","Lake Michigan",271.4531262,149.403517732801,0.334697092706242,0.00681111279841831,93.75,5000,5,"variance",5
"467","Lake Michigan",137.6882091,169.159971171466,0.334697092706242,0.00681111279841831,93.75,5000,5,"variance",5
"468","Lake Michigan",124.6244238,194.349902123738,0.334697092706242,0.00681111279841831,93.75,5000,5,"variance",5
"469","Lake Michigan",145.726111,196.121694960919,0.334697092706242,0.00681111279841831,93.75,5000,5,"variance",5
"470","Lake Michigan",109.1427845,196.096877728936,0.334697092706242,0.00681111279841831,93.75,5000,5,"variance",5
"471","Lake Michigan",127.8799054,162.17157198062,0.334697092706242,0.00681111279841831,93.75,5000,5,"variance",5
"472","Lake Michigan",246.416044,235.027542508811,0.334697092706242,0.00681111279841831,93.75,5000,5,"variance",5
"473","Lake Michigan",80.73729042,77.3757577401538,0.334697092706242,0.00681111279841831,93.75,5000,5,"variance",5
"474","Lake Michigan",105.3909838,143.478461923837,0.334697092706242,0.00681111279841831,93.75,5000,5,"variance",5
"475","Lake Michigan",121.5058435,377.371110408968,0.334697092706242,0.00681111279841831,93.75,5000,5,"variance",5
"476","Lake Michigan",208.0265033,194.001255050023,0.334697092706242,0.00681111279841831,93.75,5000,5,"variance",5
"477","Lake Michigan",157.7775435,194.001255050023,0.334697092706242,0.00681111279841831,93.75,5000,5,"variance",5
"478","Lake Michigan",203.4546466,198.461053699338,0.334697092706242,0.00681111279841831,93.75,5000,5,"variance",5
"479","Lake Michigan",186.4754702,141.105846406563,0.334697092706242,0.00681111279841831,93.75,5000,5,"variance",5
"480","Lake Michigan",222.9249513,141.105846406563,0.334697092706242,0.00681111279841831,93.75,5000,5,"variance",5
"481","Lake Michigan",186.2335667,174.368443384515,0.334697092706242,0.00681111279841831,93.75,5000,5,"variance",5
"482","Lake Michigan",91.96081625,176.02232086119,0.334697092706242,0.00681111279841831,93.75,5000,5,"variance",5
"483","Lake Michigan",126.8775727,178.229621014437,0.334697092706242,0.00681111279841831,93.75,5000,5,"variance",5
"484","Lake Michigan",225.793946,178.229621014437,0.334697092706242,0.00681111279841831,93.75,5000,5,"variance",5
"485","Lake Michigan",125.0689442,138.05610828363,0.334697092706242,0.00681111279841831,93.75,5000,5,"variance",5
"486","Lake Michigan",137.0064615,161.132150270935,0.334697092706242,0.00681111279841831,93.75,5000,5,"variance",5
"487","Lake Michigan",135.9999519,140.929452601031,0.334697092706242,0.00681111279841831,93.75,5000,5,"variance",5
"488","Lake Michigan",131.7271329,176.166668965567,0.334697092706242,0.00681111279841831,93.75,5000,5,"variance",5
"489","Lake Michigan",99.94113318,194.929925517032,0.334697092706242,0.00681111279841831,93.75,5000,5,"variance",5
"490","Lake Michigan",85.41912473,5055.25129068041,0.334697092706242,0.00681111279841831,93.75,5000,5,"variance",5
"491","Lake Michigan",73.08508603,123.651202050553,0.334697092706242,0.00681111279841831,93.75,5000,5,"variance",5
"492","Lake Michigan",89.70146866,125.331383187147,0.334697092706242,0.00681111279841831,93.75,5000,5,"variance",5
"493","Lake Michigan",93.51605532,91.7324592097089,0.334697092706242,0.00681111279841831,93.75,5000,5,"variance",5
"494","Lake Michigan",83.65559499,864.81362244609,0.334697092706242,0.00681111279841831,93.75,5000,5,"variance",5
"495","Lake Michigan",188.4585979,207.745268094245,0.334697092706242,0.00681111279841831,93.75,5000,5,"variance",5
"496","Lake Washington",162.018,517.205607508918,0.892223583972786,0.239289077354068,28.5714285714286,500,1,"variance",5
"497","Lake Washington",336.567,2323.32557187374,0.892223583972786,0.239289077354068,28.5714285714286,500,1,"variance",5
"498","Lake Washington",380.901,1049.01674054868,0.892223583972786,0.239289077354068,28.5714285714286,500,1,"variance",5
"499","Lake Washington",569.11,1003.48863738312,0.892223583972786,0.239289077354068,28.5714285714286,500,1,"variance",5
"500","Lake Washington",101.174,3529.05215495539,0.892223583972786,0.239289077354068,28.5714285714286,500,1,"variance",5
"501","Lake Washington",36442.46,1432.31964785079,0.892223583972786,0.239289077354068,28.5714285714286,500,1,"variance",5
"502","Lake Washington",6520.19,5550.44950243224,0.892223583972786,0.239289077354068,28.5714285714286,500,1,"variance",5
"503","New Bedford Harbor",28830,106351.723939828,0.350582665652615,0.93302230061393,58.8235294117647,4500,4,"variance",5
"504","New Bedford Harbor",1976400,1291937.57137638,0.350582665652615,0.93302230061393,58.8235294117647,4500,4,"variance",5
"505","New Bedford Harbor",7744800,2486461.09847046,0.350582665652615,0.93302230061393,58.8235294117647,4500,4,"variance",5
"506","New Bedford Harbor",197850,251917.861980171,0.350582665652615,0.93302230061393,58.8235294117647,4500,4,"variance",5
"507","New Bedford Harbor",332600,921974.124700512,0.350582665652615,0.93302230061393,58.8235294117647,4500,4,"variance",5
"508","New Bedford Harbor",112630,227207.244991295,0.350582665652615,0.93302230061393,58.8235294117647,4500,4,"variance",5
"509","New Bedford Harbor",2533400,830940.853487663,0.350582665652615,0.93302230061393,58.8235294117647,4500,4,"variance",5
"510","New Bedford Harbor",174600,170997.36342917,0.350582665652615,0.93302230061393,58.8235294117647,4500,4,"variance",5
"511","New Bedford Harbor",146300,404801.965782093,0.350582665652615,0.93302230061393,58.8235294117647,4500,4,"variance",5
"512","New Bedford Harbor",1232665,223208.358881027,0.350582665652615,0.93302230061393,58.8235294117647,4500,4,"variance",5
"513","New Bedford Harbor",189940,135133.348222122,0.350582665652615,0.93302230061393,58.8235294117647,4500,4,"variance",5
"514","New Bedford Harbor",84280,71607.0774131318,0.350582665652615,0.93302230061393,58.8235294117647,4500,4,"variance",5
"515","New Bedford Harbor",80040,75676.8057356231,0.350582665652615,0.93302230061393,58.8235294117647,4500,4,"variance",5
"516","New Bedford Harbor",8420,5688.33969138804,0.350582665652615,0.93302230061393,58.8235294117647,4500,4,"variance",5
"517","New Bedford Harbor",5390,2729.72871840647,0.350582665652615,0.93302230061393,58.8235294117647,4500,4,"variance",5
"518","New Bedford Harbor",12370,18939.7649585007,0.350582665652615,0.93302230061393,58.8235294117647,4500,4,"variance",5
"519","New Bedford Harbor",1590,2399.5656544059,0.350582665652615,0.93302230061393,58.8235294117647,4500,4,"variance",5
"520","Passaic River",10148.835,9435.65439233364,0.218984972486118,0.950179543313519,85.0828729281768,5000,6,"variance",5
"521","Passaic River",23317.619,22310.6588138008,0.218984972486118,0.950179543313519,85.0828729281768,5000,6,"variance",5
"522","Passaic River",28854.54,25258.0660181494,0.218984972486118,0.950179543313519,85.0828729281768,5000,6,"variance",5
"523","Passaic River",11281.781,24876.6331887294,0.218984972486118,0.950179543313519,85.0828729281768,5000,6,"variance",5
"524","Passaic River",35252.78,46605.4170220481,0.218984972486118,0.950179543313519,85.0828729281768,5000,6,"variance",5
"525","Passaic River",7664.38,14618.9580367335,0.218984972486118,0.950179543313519,85.0828729281768,5000,6,"variance",5
"526","Passaic River",27920.24,12717.4777327795,0.218984972486118,0.950179543313519,85.0828729281768,5000,6,"variance",5
"527","Passaic River",9445.107,19081.0875025832,0.218984972486118,0.950179543313519,85.0828729281768,5000,6,"variance",5
"528","Passaic River",13630,14215.1776752928,0.218984972486118,0.950179543313519,85.0828729281768,5000,6,"variance",5
"529","Passaic River",25807.29,34491.7728297524,0.218984972486118,0.950179543313519,85.0828729281768,5000,6,"variance",5
"530","Passaic River",20903.87,21432.6773604452,0.218984972486118,0.950179543313519,85.0828729281768,5000,6,"variance",5
"531","Passaic River",22559.652,21432.6773604452,0.218984972486118,0.950179543313519,85.0828729281768,5000,6,"variance",5
"532","Passaic River",6331.649,9934.94266047683,0.218984972486118,0.950179543313519,85.0828729281768,5000,6,"variance",5
"533","Passaic River",11688.784,15702.0407856423,0.218984972486118,0.950179543313519,85.0828729281768,5000,6,"variance",5
"534","Passaic River",26053.68,18505.2623328593,0.218984972486118,0.950179543313519,85.0828729281768,5000,6,"variance",5
"535","Passaic River",1193.87,2842.96718669936,0.218984972486118,0.950179543313519,85.0828729281768,5000,6,"variance",5
"536","Passaic River",5960.866,6315.67537651839,0.218984972486118,0.950179543313519,85.0828729281768,5000,6,"variance",5
"537","Passaic River",10105.32,7448.81245010644,0.218984972486118,0.950179543313519,85.0828729281768,5000,6,"variance",5
"538","Passaic River",6353.43,5719.97821009861,0.218984972486118,0.950179543313519,85.0828729281768,5000,6,"variance",5
"539","Passaic River",4746.81,7232.0597518916,0.218984972486118,0.950179543313519,85.0828729281768,5000,6,"variance",5
"540","Passaic River",6679.78,6993.86528991134,0.218984972486118,0.950179543313519,85.0828729281768,5000,6,"variance",5
"541","Passaic River",12710.17,13408.5484584783,0.218984972486118,0.950179543313519,85.0828729281768,5000,6,"variance",5
"542","Passaic River",7882.018,8920.74435737085,0.218984972486118,0.950179543313519,85.0828729281768,5000,6,"variance",5
"543","Passaic River",14377.641,13278.0494204257,0.218984972486118,0.950179543313519,85.0828729281768,5000,6,"variance",5
"544","Passaic River",2046.31,2850.0842630219,0.218984972486118,0.950179543313519,85.0828729281768,5000,6,"variance",5
"545","Passaic River",17372.07,17414.9926964196,0.218984972486118,0.950179543313519,85.0828729281768,5000,6,"variance",5
"546","Passaic River",17112.39,14941.7699642767,0.218984972486118,0.950179543313519,85.0828729281768,5000,6,"variance",5
"547","Passaic River",79513.24,14941.7699642767,0.218984972486118,0.950179543313519,85.0828729281768,5000,6,"variance",5
"548","Passaic River",8297.198,13211.4046016998,0.218984972486118,0.950179543313519,85.0828729281768,5000,6,"variance",5
"549","Passaic River",10689.839,12013.6104717716,0.218984972486118,0.950179543313519,85.0828729281768,5000,6,"variance",5
"550","Passaic River",43168.45,12013.6104717716,0.218984972486118,0.950179543313519,85.0828729281768,5000,6,"variance",5
"551","Passaic River",59002.61,17716.791039254,0.218984972486118,0.950179543313519,85.0828729281768,5000,6,"variance",5
"552","Passaic River",7218.58,9640.15210505865,0.218984972486118,0.950179543313519,85.0828729281768,5000,6,"variance",5
"553","Passaic River",32497.87,21565.8350584073,0.218984972486118,0.950179543313519,85.0828729281768,5000,6,"variance",5
"554","Passaic River",4710.187,4956.46328455305,0.218984972486118,0.950179543313519,85.0828729281768,5000,6,"variance",5
"555","Passaic River",9596.201,12842.985668613,0.218984972486118,0.950179543313519,85.0828729281768,5000,6,"variance",5
"556","Passaic River",10744.285,8862.6545471182,0.218984972486118,0.950179543313519,85.0828729281768,5000,6,"variance",5
"557","Passaic River",3848.175,5030.46764557107,0.218984972486118,0.950179543313519,85.0828729281768,5000,6,"variance",5
"558","Passaic River",4379.41,5165.61773117303,0.218984972486118,0.950179543313519,85.0828729281768,5000,6,"variance",5
"559","Passaic River",4304.22,4485.04101200173,0.218984972486118,0.950179543313519,85.0828729281768,5000,6,"variance",5
"560","Passaic River",4328.94,4351.26693049691,0.218984972486118,0.950179543313519,85.0828729281768,5000,6,"variance",5
"561","Passaic River",5073.554,7450.33756381335,0.218984972486118,0.950179543313519,85.0828729281768,5000,6,"variance",5
"562","Passaic River",4682.1,4929.02643581933,0.218984972486118,0.950179543313519,85.0828729281768,5000,6,"variance",5
"563","Passaic River",57522.81,31761.7216868824,0.218984972486118,0.950179543313519,85.0828729281768,5000,6,"variance",5
"564","Passaic River",32744.43,29321.3178792154,0.218984972486118,0.950179543313519,85.0828729281768,5000,6,"variance",5
"565","Passaic River",8984.158,11960.9661991503,0.218984972486118,0.950179543313519,85.0828729281768,5000,6,"variance",5
"566","Passaic River",11011.634,11960.9661991503,0.218984972486118,0.950179543313519,85.0828729281768,5000,6,"variance",5
"567","Passaic River",28873.42,17693.6722788733,0.218984972486118,0.950179543313519,85.0828729281768,5000,6,"variance",5
"568","Passaic River",40421.66,69148.9399363823,0.218984972486118,0.950179543313519,85.0828729281768,5000,6,"variance",5
"569","Passaic River",78172.33,26748.2932736398,0.218984972486118,0.950179543313519,85.0828729281768,5000,6,"variance",5
"570","Passaic River",17343.3,27516.1893422437,0.218984972486118,0.950179543313519,85.0828729281768,5000,6,"variance",5
"571","Passaic River",9006.21,11828.9700128319,0.218984972486118,0.950179543313519,85.0828729281768,5000,6,"variance",5
"572","Passaic River",18245.46,18439.9163653844,0.218984972486118,0.950179543313519,85.0828729281768,5000,6,"variance",5
"573","Passaic River",9862.49,6669.61637741678,0.218984972486118,0.950179543313519,85.0828729281768,5000,6,"variance",5
"574","Passaic River",25889.622,23149.9688436567,0.218984972486118,0.950179543313519,85.0828729281768,5000,6,"variance",5
"575","Passaic River",23795.003,22601.0243337943,0.218984972486118,0.950179543313519,85.0828729281768,5000,6,"variance",5
"576","Passaic River",14327.017,20645.1039718989,0.218984972486118,0.950179543313519,85.0828729281768,5000,6,"variance",5
"577","Passaic River",10812.956,6487.33627349433,0.218984972486118,0.950179543313519,85.0828729281768,5000,6,"variance",5
"578","Passaic River",4793.13,6487.33627349433,0.218984972486118,0.950179543313519,85.0828729281768,5000,6,"variance",5
"579","Passaic River",13324.11,12090.7507771753,0.218984972486118,0.950179543313519,85.0828729281768,5000,6,"variance",5
"580","Passaic River",1663.43,2004.56850486119,0.218984972486118,0.950179543313519,85.0828729281768,5000,6,"variance",5
"581","Passaic River",1972.1,3039.80487838513,0.218984972486118,0.950179543313519,85.0828729281768,5000,6,"variance",5
"582","Passaic River",7744.524,9916.40940639703,0.218984972486118,0.950179543313519,85.0828729281768,5000,6,"variance",5
"583","Passaic River",2200.738,4187.32807824522,0.218984972486118,0.950179543313519,85.0828729281768,5000,6,"variance",5
"584","Passaic River",5713.25,5412.65887616794,0.218984972486118,0.950179543313519,85.0828729281768,5000,6,"variance",5
"585","Passaic River",6474.618,7090.32977570469,0.218984972486118,0.950179543313519,85.0828729281768,5000,6,"variance",5
"586","Passaic River",3595.39,4564.79009200141,0.218984972486118,0.950179543313519,85.0828729281768,5000,6,"variance",5
"587","Passaic River",9031.687,5538.86667503956,0.218984972486118,0.950179543313519,85.0828729281768,5000,6,"variance",5
"588","Passaic River",3721.774,5368.44598114457,0.218984972486118,0.950179543313519,85.0828729281768,5000,6,"variance",5
"589","Passaic River",4708.389,7225.09425046781,0.218984972486118,0.950179543313519,85.0828729281768,5000,6,"variance",5
"590","Passaic River",4160.221,4152.27600103821,0.218984972486118,0.950179543313519,85.0828729281768,5000,6,"variance",5
"591","Passaic River",11705.963,11339.8607412461,0.218984972486118,0.950179543313519,85.0828729281768,5000,6,"variance",5
"592","Passaic River",8462.451,4172.66075518304,0.218984972486118,0.950179543313519,85.0828729281768,5000,6,"variance",5
"593","Passaic River",7449.47,4653.84552340974,0.218984972486118,0.950179543313519,85.0828729281768,5000,6,"variance",5
"594","Passaic River",6914.826,3220.33577880222,0.218984972486118,0.950179543313519,85.0828729281768,5000,6,"variance",5
"595","Passaic River",11295.55,4811.09330300004,0.218984972486118,0.950179543313519,85.0828729281768,5000,6,"variance",5
"596","Passaic River",4162.485,2943.85292968495,0.218984972486118,0.950179543313519,85.0828729281768,5000,6,"variance",5
"597","Passaic River",6767.62,10632.488279657,0.218984972486118,0.950179543313519,85.0828729281768,5000,6,"variance",5
"598","Passaic River",9359.818,7042.62489144006,0.218984972486118,0.950179543313519,85.0828729281768,5000,6,"variance",5
"599","Passaic River",2665.57,4172.34664645756,0.218984972486118,0.950179543313519,85.0828729281768,5000,6,"variance",5
"600","Passaic River",2950.311,3280.49834033707,0.218984972486118,0.950179543313519,85.0828729281768,5000,6,"variance",5
"601","Passaic River",3068.1,3024.49045042739,0.218984972486118,0.950179543313519,85.0828729281768,5000,6,"variance",5
"602","Passaic River",11855.289,3339.63405549806,0.218984972486118,0.950179543313519,85.0828729281768,5000,6,"variance",5
"603","Passaic River",2278.132,3093.00970060501,0.218984972486118,0.950179543313519,85.0828729281768,5000,6,"variance",5
"604","Passaic River",5754.94,6213.89427850844,0.218984972486118,0.950179543313519,85.0828729281768,5000,6,"variance",5
"605","Passaic River",7664.75,7447.34270555921,0.218984972486118,0.950179543313519,85.0828729281768,5000,6,"variance",5
"606","Passaic River",4138.287,3474.17384620299,0.218984972486118,0.950179543313519,85.0828729281768,5000,6,"variance",5
"607","Passaic River",7892.666,5206.67456654889,0.218984972486118,0.950179543313519,85.0828729281768,5000,6,"variance",5
"608","Passaic River",3455.12,4254.37253837932,0.218984972486118,0.950179543313519,85.0828729281768,5000,6,"variance",5
"609","Passaic River",3167.944,4344.41155244349,0.218984972486118,0.950179543313519,85.0828729281768,5000,6,"variance",5
"610","Passaic River",8978.234,11686.2665351144,0.218984972486118,0.950179543313519,85.0828729281768,5000,6,"variance",5
"611","Passaic River",21403.25,14851.2332438766,0.218984972486118,0.950179543313519,85.0828729281768,5000,6,"variance",5
"612","Passaic River",36213.52,18298.9017894123,0.218984972486118,0.950179543313519,85.0828729281768,5000,6,"variance",5
"613","Passaic River",43143.82,13172.2546752745,0.218984972486118,0.950179543313519,85.0828729281768,5000,6,"variance",5
"614","Passaic River",15695.34,5857.4006862441,0.218984972486118,0.950179543313519,85.0828729281768,5000,6,"variance",5
"615","Passaic River",14296.86,7037.05421516891,0.218984972486118,0.950179543313519,85.0828729281768,5000,6,"variance",5
"616","Passaic River",8223.564,18609.4947013683,0.218984972486118,0.950179543313519,85.0828729281768,5000,6,"variance",5
"617","Passaic River",8861.303,5857.4006862441,0.218984972486118,0.950179543313519,85.0828729281768,5000,6,"variance",5
"618","Passaic River",19821.397,12031.9295783362,0.218984972486118,0.950179543313519,85.0828729281768,5000,6,"variance",5
"619","Passaic River",17941.466,18571.2900029073,0.218984972486118,0.950179543313519,85.0828729281768,5000,6,"variance",5
"620","Passaic River",17120.34,13923.7833259336,0.218984972486118,0.950179543313519,85.0828729281768,5000,6,"variance",5
"621","Passaic River",17600.72,3605.04949429233,0.218984972486118,0.950179543313519,85.0828729281768,5000,6,"variance",5
"622","Passaic River",32903.21,25830.3266393421,0.218984972486118,0.950179543313519,85.0828729281768,5000,6,"variance",5
"623","Passaic River",12889.25,20098.8307964936,0.218984972486118,0.950179543313519,85.0828729281768,5000,6,"variance",5
"624","Passaic River",2722.22,4315.69678715632,0.218984972486118,0.950179543313519,85.0828729281768,5000,6,"variance",5
"625","Passaic River",8855.12,9674.34767983125,0.218984972486118,0.950179543313519,85.0828729281768,5000,6,"variance",5
"626","Passaic River",10949.1,5928.53437799075,0.218984972486118,0.950179543313519,85.0828729281768,5000,6,"variance",5
"627","Passaic River",15213.318,10759.6345484764,0.218984972486118,0.950179543313519,85.0828729281768,5000,6,"variance",5
"628","Passaic River",16139.57,10075.4383562851,0.218984972486118,0.950179543313519,85.0828729281768,5000,6,"variance",5
"629","Passaic River",15076.748,10075.4383562851,0.218984972486118,0.950179543313519,85.0828729281768,5000,6,"variance",5
"630","Passaic River",13753.558,13035.1453807388,0.218984972486118,0.950179543313519,85.0828729281768,5000,6,"variance",5
"631","Passaic River",5150.51,6245.50968623808,0.218984972486118,0.950179543313519,85.0828729281768,5000,6,"variance",5
"632","Passaic River",7902.495,8293.50110181476,0.218984972486118,0.950179543313519,85.0828729281768,5000,6,"variance",5
"633","Passaic River",9879.686,11060.1914991435,0.218984972486118,0.950179543313519,85.0828729281768,5000,6,"variance",5
"634","Passaic River",16596.47,16195.6497243619,0.218984972486118,0.950179543313519,85.0828729281768,5000,6,"variance",5
"635","Passaic River",7118.07,5589.88050989968,0.218984972486118,0.950179543313519,85.0828729281768,5000,6,"variance",5
"636","Passaic River",6614.123,5620.11833247851,0.218984972486118,0.950179543313519,85.0828729281768,5000,6,"variance",5
"637","Passaic River",7337.97,6727.70163016664,0.218984972486118,0.950179543313519,85.0828729281768,5000,6,"variance",5
"638","Passaic River",5201.12,4714.32598763523,0.218984972486118,0.950179543313519,85.0828729281768,5000,6,"variance",5
"639","Passaic River",7453.263,5157.97288724173,0.218984972486118,0.950179543313519,85.0828729281768,5000,6,"variance",5
"640","Passaic River",7969.898,5157.97288724173,0.218984972486118,0.950179543313519,85.0828729281768,5000,6,"variance",5
"641","Passaic River",5403.42,4564.79009200141,0.218984972486118,0.950179543313519,85.0828729281768,5000,6,"variance",5
"642","Passaic River",31272.386,16195.6497243619,0.218984972486118,0.950179543313519,85.0828729281768,5000,6,"variance",5
"643","Passaic River",554.4,902.15471094518,0.218984972486118,0.950179543313519,85.0828729281768,5000,6,"variance",5
"644","Passaic River",562.04,945.51661083951,0.218984972486118,0.950179543313519,85.0828729281768,5000,6,"variance",5
"645","Passaic River",8113.5,2007.8099179313,0.218984972486118,0.950179543313519,85.0828729281768,5000,6,"variance",5
"646","Passaic River",6162.97,2893.12464292805,0.218984972486118,0.950179543313519,85.0828729281768,5000,6,"variance",5
"647","Passaic River",40.72,23.1181284932846,0.218984972486118,0.950179543313519,85.0828729281768,5000,6,"variance",5
"648","Passaic River",1952.08,2387.64309490181,0.218984972486118,0.950179543313519,85.0828729281768,5000,6,"variance",5
"649","Passaic River",2255.63,2049.7567537344,0.218984972486118,0.950179543313519,85.0828729281768,5000,6,"variance",5
"650","Passaic River",1796.52,1306.2821410972,0.218984972486118,0.950179543313519,85.0828729281768,5000,6,"variance",5
"651","Passaic River",1014.18,1140.90285874994,0.218984972486118,0.950179543313519,85.0828729281768,5000,6,"variance",5
"652","Passaic River",2754.4,3633.68227130509,0.218984972486118,0.950179543313519,85.0828729281768,5000,6,"variance",5
"653","Passaic River",2782.5,2357.31046685658,0.218984972486118,0.950179543313519,85.0828729281768,5000,6,"variance",5
"654","Passaic River",2993.81,1852.36172818312,0.218984972486118,0.950179543313519,85.0828729281768,5000,6,"variance",5
"655","Passaic River",1021.4,759.884379918777,0.218984972486118,0.950179543313519,85.0828729281768,5000,6,"variance",5
"656","Passaic River",2038.24,2721.8973621752,0.218984972486118,0.950179543313519,85.0828729281768,5000,6,"variance",5
"657","Passaic River",2303.41,2721.8973621752,0.218984972486118,0.950179543313519,85.0828729281768,5000,6,"variance",5
"658","Passaic River",3775.14,3311.91893626243,0.218984972486118,0.950179543313519,85.0828729281768,5000,6,"variance",5
"659","Passaic River",3235.53,3171.51360578284,0.218984972486118,0.950179543313519,85.0828729281768,5000,6,"variance",5
"660","Passaic River",2787.9,2286.74263420239,0.218984972486118,0.950179543313519,85.0828729281768,5000,6,"variance",5
"661","Passaic River",2848.42,2867.3315799699,0.218984972486118,0.950179543313519,85.0828729281768,5000,6,"variance",5
"662","Passaic River",3231.51,2692.76123063924,0.218984972486118,0.950179543313519,85.0828729281768,5000,6,"variance",5
"663","Passaic River",2646.49,2253.83364022192,0.218984972486118,0.950179543313519,85.0828729281768,5000,6,"variance",5
"664","Passaic River",2812.82,2312.53518638233,0.218984972486118,0.950179543313519,85.0828729281768,5000,6,"variance",5
"665","Passaic River",2658.47,2312.53518638233,0.218984972486118,0.950179543313519,85.0828729281768,5000,6,"variance",5
"666","Passaic River",3088.4,1339.66334333615,0.218984972486118,0.950179543313519,85.0828729281768,5000,6,"variance",5
"667","Passaic River",1712.66,1827.56306709426,0.218984972486118,0.950179543313519,85.0828729281768,5000,6,"variance",5
"668","Passaic River",1024.81,1215.37509295712,0.218984972486118,0.950179543313519,85.0828729281768,5000,6,"variance",5
"669","Passaic River",820.06,972.814491090674,0.218984972486118,0.950179543313519,85.0828729281768,5000,6,"variance",5
"670","Passaic River",1515.21,1423.79346914583,0.218984972486118,0.950179543313519,85.0828729281768,5000,6,"variance",5
"671","Passaic River",288.3,396.076294359345,0.218984972486118,0.950179543313519,85.0828729281768,5000,6,"variance",5
"672","Passaic River",1118.4,554.335711137686,0.218984972486118,0.950179543313519,85.0828729281768,5000,6,"variance",5
"673","Passaic River",618.7,554.335711137686,0.218984972486118,0.950179543313519,85.0828729281768,5000,6,"variance",5
"674","Passaic River",392.3,628.209781327112,0.218984972486118,0.950179543313519,85.0828729281768,5000,6,"variance",5
"675","Passaic River",59.87,180.053157192962,0.218984972486118,0.950179543313519,85.0828729281768,5000,6,"variance",5
"676","Passaic River",152.93,263.684709178712,0.218984972486118,0.950179543313519,85.0828729281768,5000,6,"variance",5
"677","Passaic River",139.2,263.684709178712,0.218984972486118,0.950179543313519,85.0828729281768,5000,6,"variance",5
"678","Passaic River",25.84,23.1181284932846,0.218984972486118,0.950179543313519,85.0828729281768,5000,6,"variance",5
"679","Passaic River",39.89,23.3060459876134,0.218984972486118,0.950179543313519,85.0828729281768,5000,6,"variance",5
"680","Passaic River",15.15,23.1181284932846,0.218984972486118,0.950179543313519,85.0828729281768,5000,6,"variance",5
"681","Passaic River",38.39,97.3793152624498,0.218984972486118,0.950179543313519,85.0828729281768,5000,6,"variance",5
"682","Passaic River",33.19,23.3060459876134,0.218984972486118,0.950179543313519,85.0828729281768,5000,6,"variance",5
"683","Passaic River",363.32,528.48833075839,0.218984972486118,0.950179543313519,85.0828729281768,5000,6,"variance",5
"684","Passaic River",553.65,759.884379918777,0.218984972486118,0.950179543313519,85.0828729281768,5000,6,"variance",5
"685","Passaic River",2100,2357.31046685658,0.218984972486118,0.950179543313519,85.0828729281768,5000,6,"variance",5
"686","Passaic River",2451.23,2867.3315799699,0.218984972486118,0.950179543313519,85.0828729281768,5000,6,"variance",5
"687","Passaic River",2993.72,2840.27683073319,0.218984972486118,0.950179543313519,85.0828729281768,5000,6,"variance",5
"688","Passaic River",47.62,180.053157192962,0.218984972486118,0.950179543313519,85.0828729281768,5000,6,"variance",5
"689","Passaic River",2882.15,1683.24465307366,0.218984972486118,0.950179543313519,85.0828729281768,5000,6,"variance",5
"690","Passaic River",128.79,133.919143442863,0.218984972486118,0.950179543313519,85.0828729281768,5000,6,"variance",5
"691","Passaic River",11958.333,4416.84574184262,0.218984972486118,0.950179543313519,85.0828729281768,5000,6,"variance",5
"692","Passaic River",8005.261,14488.1168587069,0.218984972486118,0.950179543313519,85.0828729281768,5000,6,"variance",5
"693","Passaic River",22639.519,17145.9237273961,0.218984972486118,0.950179543313519,85.0828729281768,5000,6,"variance",5
"694","Passaic River",8614.455,14488.1168587069,0.218984972486118,0.950179543313519,85.0828729281768,5000,6,"variance",5
"695","Passaic River",8579.834,6898.91303054371,0.218984972486118,0.950179543313519,85.0828729281768,5000,6,"variance",5
"696","Passaic River",37765.675,20159.2590694388,0.218984972486118,0.950179543313519,85.0828729281768,5000,6,"variance",5
"697","Passaic River",99321.21,30108.5988976877,0.218984972486118,0.950179543313519,85.0828729281768,5000,6,"variance",5
"698","Passaic River",7528.074,25980.5380175381,0.218984972486118,0.950179543313519,85.0828729281768,5000,6,"variance",5
"699","Passaic River",9829.831,11691.2280955315,0.218984972486118,0.950179543313519,85.0828729281768,5000,6,"variance",5
"700","Passaic River",17252.347,13358.2604984899,0.218984972486118,0.950179543313519,85.0828729281768,5000,6,"variance",5
"701","Portland Harbor",283.628638,179.84081014151,0.256175875865467,0.724708144465946,82.3529411764706,5000,6,"variance",5
"702","Portland Harbor",278.099737,179.84081014151,0.256175875865467,0.724708144465946,82.3529411764706,5000,6,"variance",5
"703","Portland Harbor",70.62,376.345482582323,0.256175875865467,0.724708144465946,82.3529411764706,5000,6,"variance",5
"704","Portland Harbor",327.35128,377.279679149332,0.256175875865467,0.724708144465946,82.3529411764706,5000,6,"variance",5
"705","Portland Harbor",123.02605,60.8766077533163,0.256175875865467,0.724708144465946,82.3529411764706,5000,6,"variance",5
"706","Portland Harbor",113.694118,103.452074300776,0.256175875865467,0.724708144465946,82.3529411764706,5000,6,"variance",5
"707","Portland Harbor",47.294765,103.452074300776,0.256175875865467,0.724708144465946,82.3529411764706,5000,6,"variance",5
"708","Portland Harbor",438.254363,318.414790988413,0.256175875865467,0.724708144465946,82.3529411764706,5000,6,"variance",5
"709","Portland Harbor",98.754224,150.001167450207,0.256175875865467,0.724708144465946,82.3529411764706,5000,6,"variance",5
"710","Portland Harbor",156.734829,150.001167450207,0.256175875865467,0.724708144465946,82.3529411764706,5000,6,"variance",5
"711","Portland Harbor",232.576559,150.001167450207,0.256175875865467,0.724708144465946,82.3529411764706,5000,6,"variance",5
"712","Portland Harbor",123.9555,63.7587509624277,0.256175875865467,0.724708144465946,82.3529411764706,5000,6,"variance",5
"713","Portland Harbor",60.13356,63.7587509624277,0.256175875865467,0.724708144465946,82.3529411764706,5000,6,"variance",5
"714","Portland Harbor",124.458674,69.2217673622949,0.256175875865467,0.724708144465946,82.3529411764706,5000,6,"variance",5
"715","Portland Harbor",137.4104,216.487332019117,0.256175875865467,0.724708144465946,82.3529411764706,5000,6,"variance",5
"716","Portland Harbor",711.392,995.629278816308,0.256175875865467,0.724708144465946,82.3529411764706,5000,6,"variance",5
"717","Portland Harbor",711.933,690.419465841119,0.256175875865467,0.724708144465946,82.3529411764706,5000,6,"variance",5
"718","Richardson Hill Road Landfill",210000,643889.978366637,0.466313216409578,-0.484184446902917,60,100,1,"variance",5
"719","Richardson Hill Road Landfill",530000,484579.992900789,0.466313216409578,-0.484184446902917,60,100,1,"variance",5
"720","Richardson Hill Road Landfill",250000,484579.992900789,0.466313216409578,-0.484184446902917,60,100,1,"variance",5
"721","Richardson Hill Road Landfill",420000,318134.817699752,0.466313216409578,-0.484184446902917,60,100,1,"variance",5
"722","Richardson Hill Road Landfill",2900000,393859.655850717,0.466313216409578,-0.484184446902917,60,100,1,"variance",5
"723","Spokane River",198.829,223.76624913038,0.132918794740606,0.940717648470048,100,1000,5,"variance",5
"724","Spokane River",476.237,332.348222937726,0.132918794740606,0.940717648470048,100,1000,5,"variance",5
"725","Spokane River",134.545,154.23375672885,0.132918794740606,0.940717648470048,100,1000,5,"variance",5
"726","Spokane River",618.543,333.551392821347,0.132918794740606,0.940717648470048,100,1000,5,"variance",5
"727","Spokane River",162.223,149.990674410739,0.132918794740606,0.940717648470048,100,1000,5,"variance",5
"728","Spokane River",198.33,209.476729817589,0.132918794740606,0.940717648470048,100,1000,5,"variance",5
"729","Spokane River",202.792,146.674711769168,0.132918794740606,0.940717648470048,100,1000,5,"variance",5
"730","Spokane River",103.588,116.02786334221,0.132918794740606,0.940717648470048,100,1000,5,"variance",5
"731","Spokane River",77.9,118.03334218659,0.132918794740606,0.940717648470048,100,1000,5,"variance",5
